,age,income,RLK2022,no_cars,CO2_cruise,CO2_flight,CO2_public_transport,CO2_car_total,CO2_mobility,belief_diff_mobility,cluster_id
0,65,3000.0,zentral,1.0,0.0,2440.0,0.0,1432.728,3872.728,-14.0,3
1,59,800.0,sehr zentral,2.0,2710.0,5985.0,107.8,2981.7315,11784.5315,-42.0,0
2,60,1750.0,peripher,0.0,0.0,598.5,107.8,0.0,706.3,11.0,2
3,73,2500.0,sehr zentral,1.0,0.0,2287.6,0.0,1432.728,3720.328,-31.0,3
4,43,2500.0,sehr zentral,0.0,0.0,0.0,107.8,0.0,107.8,-2.0,2
5,49,2300.0,zentral,1.0,0.0,532.0,107.8,3581.82,4221.62,22.0,1
6,57,600.0,zentral,1.0,0.0,0.0,0.0,0.0,0.0,72.0,3
7,39,5000.0,sehr zentral,2.0,4878.0,2074.8,107.8,10371.24,17431.84,-67.0,0
8,62,0.0,sehr zentral,2.0,0.0,0.0,107.8,5008.527,5116.327,-34.0,1
9,45,2600.0,sehr zentral,0.0,0.0,3894.0,107.8,0.0,4001.8,-48.0,2
10,68,7400.0,peripher,2.0,0.0,1330.0,0.0,5360.12,6690.12,-49.0,3
11,48,5000.0,sehr zentral,2.0,0.0,0.0,0.0,6482.025,6482.025,-66.0,3
12,50,2500.0,sehr zentral,1.0,0.0,0.0,0.0,3581.82,3581.82,-3.0,3
13,61,4500.0,peripher,1.0,0.0,0.0,107.8,1391.2575,1499.0575,-10.0,1
14,56,1400.0,peripher,2.0,0.0,0.0,107.8,5193.639,5301.439,-50.0,1
15,33,6500.0,zentral,1.0,0.0,532.0,107.8,2592.81,3232.61,8.0,1
16,71,2900.0,sehr zentral,1.0,0.0,0.0,0.0,1814.967,1814.967,-4.0,3
17,59,4500.0,zentral,1.0,0.0,0.0,0.0,2149.092,2149.092,37.0,3
18,21,1800.0,sehr zentral,2.0,0.0,0.0,107.8,3.71002,111.51002,26.0,2
19,56,1700.0,sehr zentral,1.0,0.0,0.0,0.0,179.091,179.091,30.0,3
20,54,2900.0,zentral,1.0,0.0,1596.0,107.8,3111.372,4815.172,-31.0,1
21,52,4800.0,peripher,1.0,0.0,0.0,107.8,2686.365,2794.165,14.0,1
22,54,1100.0,zentral,0.0,0.0,997.5,107.8,0.0,1105.3,5.0,2
23,45,2200.0,zentral,1.0,0.0,0.0,0.0,2592.81,2592.81,-3.0,3
24,35,2700.0,zentral,2.0,0.0,0.0,0.0,3940.002,3940.002,-23.0,3
25,56,7000.0,sehr zentral,1.0,0.0,0.0,107.8,895.455,1003.255,17.0,1
26,36,1000.0,zentral,1.0,0.0,532.0,0.0,2226.012,2758.012,-4.0,3
27,61,1600.0,sehr zentral,1.0,0.0,0.0,0.0,2686.365,2686.365,27.0,3
28,59,2000.0,zentral,1.0,0.0,0.0,0.0,2686.365,2686.365,26.0,3
29,36,2500.0,sehr zentral,1.0,1355.0,997.5,107.8,2592.81,5053.11,-51.0,0
30,30,2800.0,sehr zentral,1.0,0.0,266.0,107.8,1880.4555,2254.2555,5.0,1
31,48,1750.0,sehr zentral,1.0,0.0,0.0,0.0,259.281,259.281,40.0,3
32,37,3500.0,sehr zentral,0.0,0.0,0.0,107.8,0.0,107.8,58.0,2
33,59,4000.0,sehr zentral,1.0,0.0,0.0,0.0,895.455,895.455,62.0,3
34,67,100.0,sehr zentral,1.0,0.0,1596.0,107.8,1484.008,3187.808,6.0,2
35,19,1000.0,sehr zentral,1.0,271.0,428.26,107.8,0.259281,807.319281,25.0,0
36,21,5000.0,zentral,2.0,0.0,1064.0,107.8,2686.365,3858.165,-4.0,1
37,65,1500.0,sehr zentral,0.0,0.0,0.0,107.8,0.0,107.8,57.0,2
38,38,2000.0,zentral,1.0,1084.0,332.5,107.8,12.96405,1537.26405,-19.0,0
39,58,4000.0,peripher,1.0,0.0,0.0,107.8,1790.91,1898.71,-16.0,1
40,50,2000.0,zentral,2.0,0.0,532.0,0.0,2865.456,3397.456,-5.0,3
41,47,4000.0,zentral,2.0,0.0,0.0,107.8,5913.582,6021.382,-51.0,1
42,52,6000.0,zentral,3.0,0.0,2924.0,0.0,4298.184,7222.184,-36.0,3
43,73,1500.0,zentral,1.0,0.0,0.0,107.8,1484.008,1591.808,13.0,1
44,29,1200.0,sehr zentral,0.0,0.0,532.0,107.8,0.0,639.8,2.0,2
45,60,850.0,sehr zentral,0.0,0.0,0.0,107.8,0.0,107.8,8.0,2
46,52,4000.0,sehr zentral,3.0,0.0,266.0,0.0,9082.75,9348.75,-9.0,3
47,19,5000.0,sehr zentral,2.0,0.0,399.0,107.8,1507.546,2014.346,22.0,1
48,67,3500.0,zentral,1.0,0.0,0.0,0.0,77.7843,77.7843,30.0,3
49,58,2000.0,zentral,1.0,0.0,0.0,107.8,518.562,626.362,-9.0,2
50,71,3200.0,zentral,1.0,0.0,2064.0,0.0,895.455,2959.455,-17.0,3
51,63,2500.0,zentral,0.0,0.0,0.0,107.8,0.0,107.8,68.0,2
52,21,2000.0,peripher,1.0,0.0,1736.0,107.8,4477.275,6321.075,-24.0,1
53,47,3400.0,sehr zentral,2.0,0.0,4965.0,0.0,320.76,5285.76,-44.0,3
54,20,8000.0,sehr zentral,2.0,0.0,0.0,107.8,30556.856219,30664.656219,-17.0,1
55,53,0.0,zentral,1.0,0.0,532.0,107.8,1790.91,2430.71,15.0,2
56,51,1600.0,zentral,1.0,0.0,1197.0,0.0,1296.405,2493.405,-31.0,3
57,53,1500.0,peripher,2.0,0.0,0.0,0.0,5193.639,5193.639,-14.0,3
58,23,0.0,zentral,2.0,0.0,532.0,107.8,0.358182,640.158182,35.0,2
59,49,3200.0,peripher,2.0,0.0,0.0,0.0,6268.185,6268.185,-16.0,3
60,63,4000.0,sehr zentral,2.0,0.0,0.0,0.0,7778.43,7778.43,-31.0,3
61,48,2000.0,sehr zentral,1.0,0.0,0.0,0.0,179.091,179.091,-3.0,3
62,47,0.0,peripher,1.0,0.0,0.0,0.0,4667.058,4667.058,6.0,3
63,61,4500.0,sehr zentral,1.0,0.0,0.0,0.0,3710.02,3710.02,-17.0,3
64,68,2100.0,zentral,1.0,0.0,0.0,0.0,895.455,895.455,64.0,3
65,53,5000.0,sehr zentral,4.0,0.0,0.0,0.0,7112.749,7112.749,11.0,3
66,44,2400.0,zentral,1.0,0.0,0.0,0.0,3111.372,3111.372,12.0,3
67,52,1700.0,peripher,1.0,0.0,4371.0,0.0,2592.81,6963.81,-4.0,3
68,54,2400.0,peripher,1.0,1897.0,0.0,0.0,2149.092,4046.092,-19.0,0
69,40,2800.0,peripher,1.0,0.0,1330.0,107.8,2238.6375,3676.4375,-5.0,1
70,56,1000.0,peripher,1.0,0.0,0.0,0.0,1790.91,1790.91,65.0,3
71,49,2000.0,sehr zentral,1.0,0.0,532.0,0.0,686.32,1218.32,-16.0,3
72,70,3000.0,sehr zentral,1.0,0.0,0.0,107.8,268.6365,376.4365,4.0,2
73,26,2010.0,peripher,1.0,0.0,665.0,107.8,1855.01,2627.81,5.0,1
74,46,800.0,sehr zentral,3.0,1897.0,1064.0,0.0,13487.55,16448.55,-71.0,0
75,63,4000.0,zentral,2.0,0.0,0.0,0.0,3889.215,3889.215,-2.0,3
76,27,5400.0,zentral,2.0,0.0,3660.0,107.8,6364.335,10132.135,-47.0,1
77,74,4200.0,sehr zentral,1.0,0.0,0.0,107.8,2074.248,2182.048,-29.0,1
78,30,3800.0,sehr peripher,2.0,0.0,0.0,0.0,7291.84,7291.84,-11.0,3
79,38,2240.0,sehr zentral,0.0,0.0,0.0,107.8,0.0,107.8,-6.0,2
80,36,4400.0,sehr zentral,0.0,0.0,4832.0,107.8,0.0,4939.8,-44.0,2
81,55,2200.0,peripher,2.0,0.0,0.0,0.0,2178.948,2178.948,31.0,3
82,35,4200.0,peripher,2.0,0.0,0.0,0.0,10092.84,10092.84,-10.0,3
83,35,5500.0,zentral,2.0,0.0,266.0,107.8,8283.445,8657.245,-8.0,1
84,57,1000.0,peripher,1.0,0.0,0.0,0.0,1790.91,1790.91,49.0,3
85,38,2500.0,peripher,1.0,1355.0,399.0,0.0,2226.012,3980.012,-32.0,0
86,23,2500.0,zentral,1.0,271.0,1064.0,107.8,553.462,1996.262,-3.0,0
87,23,2000.0,zentral,1.0,0.0,0.0,0.0,221.3848,221.3848,81.0,3
88,27,5000.0,sehr zentral,0.0,0.0,0.0,107.8,0.0,107.8,1.0,2
89,19,3000.0,sehr zentral,2.0,0.0,399.0,107.8,11069.24,11576.04,-51.0,1
90,51,3000.0,sehr zentral,1.0,0.0,0.0,0.0,1790.91,1790.91,16.0,3
91,59,2000.0,sehr zentral,1.0,0.0,0.0,0.0,1855.01,1855.01,64.0,3
92,39,4000.0,sehr zentral,0.0,0.0,5224.08,107.8,0.0,5331.88,-25.0,2
93,59,1800.0,sehr zentral,1.0,0.0,1396.5,107.8,0.0,1504.3,44.0,2
94,54,3200.0,sehr zentral,2.0,1897.0,0.0,0.0,6984.549,8881.549,-24.0,0
95,34,4500.0,sehr zentral,1.0,4065.0,5385.56,107.8,280.665,9839.025,-60.0,0
96,27,2000.0,sehr zentral,1.0,1084.0,10098.52,107.8,12.96405,11303.28405,-10.0,0
97,40,3000.0,sehr zentral,1.0,0.0,0.0,0.0,2074.248,2074.248,42.0,3
98,40,3000.0,zentral,2.0,0.0,665.0,107.8,3287.738,4060.538,-41.0,1
99,50,2500.0,peripher,2.0,0.0,0.0,0.0,5704.182,5704.182,-65.0,3
100,26,2800.0,sehr zentral,1.0,0.0,0.0,107.8,1790.91,1898.71,44.0,1
101,30,4000.0,sehr zentral,1.0,0.0,0.0,0.0,2686.365,2686.365,24.0,3
102,27,3400.0,sehr zentral,1.0,1084.0,798.0,107.8,777.843,2767.643,-23.0,0
103,33,2800.0,sehr zentral,1.0,1897.0,5458.0,107.8,895.455,8358.255,-55.0,0
104,49,3000.0,zentral,2.0,0.0,0.0,107.8,2852.091,2959.891,-27.0,1
105,28,4000.0,sehr zentral,1.0,1897.0,4770.0,107.8,1790.91,8565.71,-31.0,0
106,32,7000.0,sehr zentral,1.0,8130.0,91565.8,107.8,6741.306,106544.906,-34.0,0
107,60,2500.0,zentral,2.0,0.0,0.0,0.0,7778.43,7778.43,-42.0,3
108,22,600.0,sehr zentral,3.0,0.0,0.0,107.8,32221.750924,32329.550924,-57.0,1
109,20,200.0,zentral,0.0,0.0,0.0,107.8,0.0,107.8,-3.0,2
110,29,6500.0,sehr zentral,1.0,0.0,4848.0,0.0,2782.515,7630.515,0.0,3
111,28,4500.0,peripher,2.0,813.0,3440.0,0.0,3717.184,7970.184,0.0,0
112,24,4500.0,peripher,1.0,0.0,2660.0,107.8,12964.05,15731.85,-59.0,1
113,42,500.0,peripher,2.0,0.0,0.0,0.0,2767.31,2767.31,-26.0,3
114,28,3500.0,sehr zentral,1.0,0.0,1171.26,107.8,9685.585,10964.645,-30.0,1
115,23,2000.0,zentral,1.0,98915.0,0.0,107.8,77784.3,176807.1,-33.0,0
116,29,3700.0,zentral,3.0,542.0,1026.76,107.8,11754.895,13431.455,-44.0,0
117,28,4400.0,zentral,2.0,0.0,4105.0,107.8,4784.67,8997.47,-28.0,1
118,39,4500.0,sehr zentral,1.0,4065.0,14656.4,107.8,12964.05,31793.25,-53.0,0
119,44,5000.0,zentral,2.0,0.0,0.0,107.8,1855.01,1962.81,-6.0,1
120,58,0.0,zentral,2.0,0.0,2096.0,107.8,7323.89,9527.69,-5.0,1
121,35,4000.0,zentral,1.0,0.0,1265.26,107.8,276.731,1649.791,3.0,1
122,74,5500.0,zentral,1.0,0.0,2408.0,107.8,179.091,2694.891,-6.0,1
123,18,3000.0,zentral,1.0,0.0,0.0,0.0,1432.728,1432.728,9.0,3
124,50,3000.0,sehr zentral,1.0,0.0,1330.0,0.0,1970.001,3300.001,-14.0,3
125,68,0.0,sehr zentral,1.0,0.0,0.0,0.0,1790.91,1790.91,28.0,3
126,37,4500.0,sehr zentral,1.0,813.0,2266.28,107.8,4148.496,7335.576,-27.0,0
127,33,4500.0,sehr zentral,1.0,1355.0,5710.0,107.8,3223.638,10396.438,-54.0,0
128,35,4800.0,zentral,2.0,0.0,0.0,0.0,4215.243,4215.243,-15.0,3
129,57,4800.0,peripher,2.0,0.0,532.0,0.0,3581.82,4113.82,-21.0,3
130,68,4000.0,sehr zentral,2.0,0.0,0.0,107.8,11737.065,11844.865,-55.0,1
131,63,4000.0,zentral,1.0,0.0,0.0,107.8,2040.511,2148.311,-30.0,1
132,29,1900.0,sehr zentral,1.0,0.0,0.0,107.8,1253.637,1361.437,7.0,1
133,49,5800.0,sehr zentral,1.0,0.0,25650.2,107.8,1484.008,27242.008,-32.0,1
134,56,2000.0,zentral,1.0,0.0,0.0,0.0,3581.82,3581.82,-23.0,3
135,44,4000.0,sehr zentral,1.0,0.0,798.0,107.8,2226.012,3131.812,9.0,1
136,28,1100.0,sehr zentral,1.0,0.0,1752.0,107.8,1074.546,2934.346,5.0,1
137,26,2300.0,zentral,1.0,0.0,0.0,107.8,2686.365,2794.165,-15.0,1
138,56,3800.0,zentral,2.0,0.0,1330.0,0.0,9753.569,11083.569,-50.0,3
139,47,2800.0,zentral,1.0,0.0,0.0,0.0,3889.215,3889.215,23.0,3
140,38,2700.0,zentral,2.0,1355.0,999.26,107.8,7519.149,9981.209,0.0,0
141,30,6000.0,zentral,2.0,0.0,0.0,0.0,5372.73,5372.73,-5.0,3
142,23,7000.0,sehr zentral,1.0,0.0,665.0,107.8,2149.092,2921.892,34.0,1
143,33,4000.0,sehr zentral,1.0,0.0,2440.0,0.0,3889.215,6329.215,-45.0,3
144,24,2400.0,peripher,1.0,0.0,0.0,0.0,8954.55,8954.55,-8.0,3
145,29,2800.0,sehr zentral,1.0,1084.0,610.0,107.8,518.562,2320.362,-2.0,0
146,24,2000.0,sehr zentral,1.0,0.0,0.0,107.8,1.555686,109.355686,8.0,2
147,33,6500.0,sehr zentral,2.0,2168.0,4548.6,107.8,3141.06,9965.46,-31.0,0
148,46,2500.0,zentral,2.0,0.0,0.0,0.0,3581.82,3581.82,36.0,3
149,32,4100.0,zentral,2.0,0.0,1986.0,0.0,5534.62,7520.62,-48.0,3
150,33,3600.0,sehr zentral,0.0,0.0,0.0,107.8,0.0,107.8,-2.0,2
151,38,2300.0,sehr zentral,1.0,0.0,0.0,107.8,895.455,1003.255,0.0,1
152,39,1300.0,zentral,1.0,0.0,2219.3,0.0,259.281,2478.581,21.0,3
153,28,3500.0,sehr zentral,3.0,3794.0,4965.0,107.8,3378.406,12245.206,-63.0,0
154,42,3000.0,sehr zentral,1.0,1897.0,532.0,0.0,3.71002,2432.71002,35.0,0
155,25,2500.0,sehr zentral,1.0,1897.0,1064.0,107.8,179.091,3247.891,13.0,0
156,25,2500.0,sehr zentral,1.0,0.0,399.0,107.8,3370.653,3877.453,11.0,1
157,20,3000.0,sehr zentral,1.0,3794.0,4848.0,107.8,4477.275,13227.075,-6.0,0
158,22,2223.0,sehr zentral,3.0,0.0,11394.26,107.8,174.820378,11676.880378,-25.0,1
159,29,4500.0,sehr zentral,1.0,0.0,96159.0,107.8,77784.3,174051.1,-49.0,1
160,30,1000.0,sehr zentral,1.0,0.0,0.0,107.8,537.273,645.073,-19.0,2
161,29,1000.0,sehr zentral,0.0,0.0,0.0,107.8,0.0,107.8,-6.0,2
162,31,5200.0,zentral,2.0,0.0,3192.0,0.0,5601.951,8793.951,-18.0,3
163,48,2800.0,sehr zentral,2.0,0.0,0.0,107.8,5142.748,5250.548,-12.0,1
164,54,0.0,zentral,3.0,0.0,0.0,0.0,2366.643,2366.643,-37.0,3
165,18,0.0,peripher,1.0,0.0,0.0,107.8,10.74546,118.54546,22.0,2
166,37,3500.0,peripher,2.0,0.0,0.0,0.0,1372.287,1372.287,-1.0,3
167,60,2450.0,peripher,1.0,0.0,1720.0,107.8,2592.81,4420.61,-32.0,1
168,40,6700.0,peripher,1.0,0.0,1654.52,0.0,6089.094,7743.614,-33.0,3
169,57,3500.0,sehr zentral,1.0,1897.0,532.0,0.0,2782.515,5211.515,-9.0,0
170,23,1300.0,sehr zentral,1.0,0.0,1330.0,107.8,1790.91,3228.71,-39.0,1
171,59,4300.0,zentral,1.0,0.0,0.0,107.8,1611.819,1719.619,1.0,1
172,21,8000.0,sehr zentral,5.0,0.0,532.0,107.8,19464.295,20104.095,-14.0,1
173,49,1800.0,peripher,1.0,1084.0,399.0,0.0,2686.365,4169.365,-41.0,0
174,73,4000.0,sehr zentral,1.0,0.0,532.0,107.8,1037.124,1676.924,-2.0,1
175,29,1500.0,sehr zentral,0.0,0.0,0.0,107.8,0.0,107.8,17.0,2
176,26,2400.0,sehr zentral,0.0,0.0,931.0,107.8,0.0,1038.8,-7.0,2
177,44,2400.0,zentral,2.0,0.0,532.0,0.0,2041.6374,2573.6374,28.0,3
178,57,2000.0,peripher,1.0,0.0,0.0,0.0,2592.81,2592.81,7.0,3
179,23,4000.0,zentral,1.0,0.0,532.0,0.0,4477.275,5009.275,-18.0,3
180,29,4000.0,sehr zentral,0.0,0.0,344.0,107.8,0.0,451.8,-6.0,2
181,23,0.0,zentral,0.0,0.0,4238.0,107.8,0.0,4345.8,-39.0,2
182,22,8500.0,sehr zentral,3.0,0.0,3238.0,0.0,1790.91,5028.91,-14.0,3
183,21,4500.0,sehr zentral,2.0,0.0,798.0,107.8,3.223638,909.023638,26.0,1
184,22,1600.0,zentral,2.0,0.0,0.0,107.8,4400.744,4508.544,-43.0,1
185,27,1400.0,sehr zentral,1.0,2710.0,665.0,107.8,5185.62,8668.42,-62.0,0
186,23,1800.0,sehr zentral,1.0,0.0,798.0,107.8,895.455,1801.255,6.0,1
187,27,800.0,sehr zentral,0.0,0.0,0.0,107.8,0.0,107.8,-2.0,2
188,63,1500.0,peripher,1.0,0.0,6288.24,0.0,2226.012,8514.252,-35.0,3
189,38,3000.0,zentral,1.0,0.0,1064.0,107.8,179.091,1350.891,-15.0,1
190,43,2500.0,sehr zentral,0.0,0.0,3192.0,107.8,0.0,3299.8,-39.0,2
191,41,4000.0,peripher,2.0,0.0,532.0,107.8,9647.63856,10287.43856,10.0,1
192,56,4000.0,sehr zentral,1.0,0.0,6490.0,0.0,895.455,7385.455,-30.0,3
193,41,970.0,sehr zentral,0.0,0.0,0.0,107.8,0.0,107.8,88.0,2
194,40,4000.0,sehr zentral,2.0,0.0,0.0,0.0,5014.548,5014.548,-13.0,3
195,42,4800.0,zentral,2.0,0.0,5458.0,0.0,10745.46,16203.46,-10.0,3
196,19,3000.0,peripher,2.0,0.0,3050.0,107.8,216.2568,3374.0568,-18.0,1
197,51,4600.0,peripher,1.0,0.0,0.0,107.8,2149.092,2256.892,32.0,1
198,18,3000.0,sehr zentral,0.0,0.0,1330.0,107.8,0.0,1437.8,3.0,2
199,21,1200.0,sehr zentral,2.0,0.0,0.0,0.0,10745.46,10745.46,1.0,3
200,20,2000.0,sehr zentral,0.0,0.0,3990.0,107.8,0.0,4097.8,-40.0,2
201,29,722.0,sehr zentral,0.0,0.0,0.0,107.8,0.0,107.8,38.0,2
202,28,2800.0,sehr zentral,0.0,0.0,798.0,107.8,0.0,905.8,39.0,2
203,24,4500.0,sehr zentral,2.0,813.0,2029.58,107.8,1352.405,4302.785,-35.0,0
204,35,900.0,sehr zentral,0.0,0.0,0.0,107.8,0.0,107.8,88.0,2
205,28,2000.0,sehr zentral,1.0,1897.0,3990.0,107.8,1790.91,7785.71,-18.0,0
206,51,4500.0,peripher,2.0,6775.0,1064.0,0.0,6268.185,14107.185,-33.0,0
207,25,1900.0,sehr zentral,1.0,0.0,1330.0,0.0,5185.62,6515.62,-33.0,3
208,19,1100.0,sehr zentral,0.0,0.0,266.0,107.8,0.0,373.8,-8.0,2
209,49,4000.0,sehr zentral,2.0,0.0,0.0,107.8,3223.638,3331.438,0.0,1
210,31,7400.0,sehr zentral,1.0,3252.0,7417.64,107.8,3163.8,13941.24,-43.0,0
211,25,1500.0,sehr zentral,1.0,0.0,0.0,107.8,35.8182,143.6182,20.0,2
212,40,1800.0,sehr zentral,0.0,0.0,688.0,107.8,0.0,795.8,5.0,2
213,73,3000.0,sehr zentral,1.0,0.0,798.0,0.0,1855.01,2653.01,12.0,3
214,26,2300.0,zentral,1.0,0.0,1220.0,0.0,3889.215,5109.215,-26.0,3
215,35,2000.0,peripher,1.0,0.0,0.0,107.8,268.6365,376.4365,4.0,2
216,29,5000.0,zentral,2.0,0.0,0.0,0.0,8556.273,8556.273,8.0,3
217,24,1500.0,zentral,2.0,542.0,532.0,0.0,3645.92,4719.92,-38.0,0
218,25,3300.0,sehr peripher,1.0,0.0,6490.0,0.0,2686.365,9176.365,-4.0,3
219,34,2500.0,zentral,1.0,0.0,665.0,0.0,3889.215,4554.215,-7.0,3
220,48,5000.0,sehr zentral,1.0,0.0,1768.0,107.8,3111.372,4987.172,-17.0,1
221,25,2000.0,sehr zentral,1.0,0.0,0.0,107.8,2592.81,2700.61,-13.0,1
222,55,1050.0,zentral,0.0,0.0,1330.0,107.8,0.0,1437.8,23.0,2
223,41,2500.0,peripher,1.0,0.0,0.0,0.0,3320.772,3320.772,5.0,3
224,19,1000.0,zentral,1.0,0.0,0.0,107.8,3581.82,3689.62,-10.0,1
225,23,1900.0,zentral,0.0,0.0,133.0,107.8,0.0,240.8,-13.0,2
226,47,4800.0,sehr zentral,2.0,0.0,1729.0,0.0,3940.002,5669.002,-37.0,3
227,54,4500.0,sehr zentral,2.0,0.0,0.0,107.8,4298.184,4405.984,-34.0,1
228,27,1800.0,sehr zentral,1.0,0.0,2660.0,107.8,5.18562,2772.98562,9.0,2
229,54,4000.0,peripher,1.0,0.0,0.0,0.0,895.455,895.455,4.0,3
230,27,800.0,sehr zentral,0.0,0.0,0.0,107.8,0.0,107.8,16.0,2
231,47,2000.0,zentral,1.0,0.0,0.0,0.0,1296.405,1296.405,36.0,3
232,27,1800.0,peripher,1.0,0.0,0.0,107.8,221.3848,329.1848,2.0,2
233,24,1400.0,sehr zentral,0.0,0.0,0.0,107.8,0.0,107.8,28.0,2
234,57,1600.0,sehr zentral,0.0,3794.0,9345.2,107.8,0.0,13247.0,-11.0,0
235,30,7000.0,sehr zentral,2.0,271.0,5772.2,107.8,648.2025,6799.2025,-6.0,0
236,32,2700.0,sehr zentral,1.0,0.0,0.0,107.8,13836.55,13944.35,-75.0,1
237,23,3000.0,peripher,2.0,0.0,665.0,0.0,2865.456,3530.456,19.0,3
238,30,2500.0,sehr zentral,2.0,0.0,399.0,0.0,15556.86,15955.86,-73.0,3
239,38,2500.0,sehr zentral,1.0,0.0,0.0,107.8,2149.092,2256.892,-28.0,1
240,21,5000.0,peripher,3.0,0.0,0.0,107.8,59360.32,59468.12,-28.0,1
241,56,3000.0,peripher,2.0,0.0,0.0,107.8,5892.802,6000.602,0.0,1
242,65,1250.0,sehr zentral,0.0,0.0,0.0,107.8,0.0,107.8,-7.0,2
243,47,4000.0,sehr zentral,2.0,0.0,1330.0,107.8,895.455,2333.255,29.0,1
244,44,4000.0,sehr zentral,2.0,0.0,0.0,0.0,8251.395,8251.395,-15.0,3
245,22,600.0,peripher,0.0,0.0,399.0,107.8,0.0,506.8,-6.0,2
246,69,1200.0,sehr zentral,0.0,0.0,0.0,107.8,0.0,107.8,68.0,2
247,21,2200.0,peripher,3.0,0.0,0.0,0.0,5372.73,5372.73,-20.0,3
248,43,3300.0,sehr zentral,0.0,0.0,0.0,107.8,0.0,107.8,74.0,2
249,28,1000.0,peripher,2.0,0.0,0.0,0.0,1113.364182,1113.364182,16.0,3
250,36,4000.0,peripher,2.0,0.0,0.0,0.0,3889.215,3889.215,17.0,3
251,35,600.0,peripher,0.0,0.0,0.0,107.8,0.0,107.8,4.0,2
252,27,2500.0,sehr zentral,1.0,0.0,1908.0,107.8,2703.21,4719.01,-7.0,1
253,22,4000.0,zentral,1.0,0.0,0.0,107.8,5534.62,5642.42,-25.0,1
254,39,4000.0,sehr zentral,2.0,0.0,1995.0,0.0,8283.445,10278.445,2.0,3
255,38,5000.0,sehr zentral,0.0,0.0,3394.0,107.8,0.0,3501.8,-37.0,2
256,45,2500.0,sehr zentral,0.0,0.0,9824.0,107.8,0.0,9931.8,-56.0,2
257,33,5000.0,peripher,2.0,0.0,4238.0,107.8,2074.248,6420.048,-31.0,1
258,29,2100.0,sehr zentral,0.0,0.0,0.0,107.8,0.0,107.8,-2.0,2
259,28,3000.0,sehr zentral,1.0,0.0,6077.0,107.8,129.6405,6314.4405,-28.0,1
260,37,5000.0,sehr zentral,0.0,0.0,0.0,107.8,0.0,107.8,83.0,2
261,33,6000.0,sehr zentral,1.0,1897.0,11260.0,0.0,3581.82,16738.82,-9.0,0
262,21,1500.0,sehr zentral,1.0,0.0,1204.0,107.8,1611.819,2923.619,-17.0,1
263,25,7000.0,sehr zentral,1.0,0.0,14766.5,107.8,1037.124,15911.424,-13.0,1
264,28,1500.0,sehr zentral,0.0,0.0,399.0,107.8,0.0,506.8,23.0,2
265,39,4000.0,zentral,1.0,0.0,1064.0,107.8,358.182,1529.982,40.0,2
266,37,5000.0,zentral,0.0,0.0,2660.0,107.8,0.0,2767.8,20.0,2
267,33,3500.0,zentral,1.0,0.0,798.0,0.0,1170.0,1968.0,-36.0,3
268,26,3700.0,peripher,1.0,0.0,0.0,107.8,3581.82,3689.62,-17.0,1
269,27,4000.0,sehr zentral,0.0,0.0,6100.0,107.8,0.0,6207.8,-37.0,2
270,35,3000.0,zentral,0.0,0.0,1596.0,107.8,0.0,1703.8,-16.0,2
271,30,5000.0,sehr zentral,0.0,0.0,8008.0,107.8,0.0,8115.8,-33.0,2
272,23,0.0,sehr zentral,3.0,0.0,532.0,107.8,5436.83,6076.63,-36.0,1
273,44,3500.0,zentral,2.0,0.0,532.0,107.8,4912.377,5552.177,-38.0,1
274,34,4800.0,zentral,1.0,0.0,1204.0,0.0,2411.513,3615.513,-7.0,3
275,31,3400.0,sehr zentral,0.0,0.0,3238.0,107.8,0.0,3345.8,-18.0,2
276,22,1500.0,peripher,1.0,0.0,3972.0,107.8,584.5202,4664.3202,-61.0,1
277,19,5000.0,peripher,1.0,0.0,532.0,107.8,371.002,1010.802,-5.0,1
278,42,8500.0,sehr zentral,1.0,0.0,1720.0,107.8,1253.637,3081.437,12.0,1
279,30,5600.0,sehr zentral,1.0,0.0,2463.0,107.8,2686.365,5257.165,-6.0,1
280,21,3500.0,peripher,1.0,0.0,1596.0,107.8,1.432728,1705.232728,-7.0,2
281,25,1000.0,sehr zentral,1.0,0.0,9576.0,107.8,2411.513,12095.313,-26.0,1
282,63,1100.0,zentral,1.0,0.0,0.0,107.8,895.455,1003.255,37.0,2
283,18,2000.0,sehr zentral,1.0,0.0,7660.8,107.8,1790.91,9559.51,-65.0,1
284,61,2800.0,peripher,1.0,0.0,0.0,0.0,2782.515,2782.515,-13.0,3
285,34,4200.0,sehr zentral,1.0,0.0,3543.12,107.8,4656.366,8307.286,-49.0,1
286,27,1200.0,sehr zentral,0.0,0.0,4793.0,107.8,0.0,4900.8,20.0,2
287,27,4000.0,zentral,1.0,0.0,2660.0,107.8,3581.82,6349.62,13.0,1
288,38,1400.0,sehr zentral,0.0,0.0,798.0,107.8,0.0,905.8,-5.0,2
289,26,4000.0,sehr zentral,1.0,0.0,12108.0,107.8,388.9215,12604.7215,-59.0,1
290,43,3800.0,zentral,1.0,0.0,0.0,107.8,6666.0,6773.8,-38.0,1
291,21,3000.0,zentral,1.0,0.0,532.0,107.8,1790.91,2430.71,-6.0,1
292,28,4000.0,sehr zentral,0.0,542.0,13920.0,107.8,0.0,14569.8,-8.0,0
293,23,4500.0,zentral,1.0,0.0,4660.0,107.8,7163.64,11931.44,-75.0,1
294,30,6000.0,zentral,1.0,0.0,0.0,107.8,1944.6075,2052.4075,-30.0,1
295,48,2200.0,sehr zentral,1.0,0.0,8113.0,107.8,1432.728,9653.528,5.0,1
296,21,3000.0,sehr zentral,2.0,0.0,1064.0,107.8,1822.96,2994.76,-25.0,1
297,34,1000.0,sehr zentral,0.0,0.0,0.0,0.0,0.0,0.0,11.0,2
298,43,3500.0,zentral,1.0,67750.0,1995.0,107.8,2686.365,72539.165,-28.0,0
299,25,1200.0,sehr zentral,0.0,0.0,0.0,107.8,0.0,107.8,-7.0,2
300,32,4000.0,sehr zentral,2.0,542.0,798.0,107.8,6856.738,8304.538,-57.0,0
301,32,1400.0,sehr zentral,0.0,12195.0,9350.64,107.8,0.0,21653.44,-66.0,0
302,26,5300.0,zentral,2.0,0.0,4582.0,0.0,8954.55,13536.55,-41.0,3
303,23,2400.0,peripher,1.0,1897.0,665.0,0.0,2686.365,5248.365,1.0,0
304,73,1200.0,sehr zentral,0.0,0.0,0.0,107.8,0.0,107.8,22.0,2
305,28,4000.0,sehr zentral,0.0,0.0,1596.0,107.8,0.0,1703.8,-8.0,2
306,31,4000.0,sehr zentral,0.0,0.0,172.0,107.8,0.0,279.8,-14.0,2
307,25,7000.0,sehr zentral,1.0,0.0,1064.0,107.8,895.455,2067.255,-10.0,1
308,26,1600.0,zentral,0.0,0.0,0.0,107.8,0.0,107.8,8.0,2
309,23,815.0,zentral,0.0,0.0,266.0,107.8,0.0,373.8,-1.0,2
310,33,2000.0,sehr zentral,1.0,0.0,0.0,107.8,259.281,367.081,16.0,2
311,62,5000.0,sehr zentral,0.0,0.0,704.0,107.8,0.0,811.8,-1.0,2
312,55,1300.0,sehr zentral,0.0,0.0,0.0,107.8,0.0,107.8,30.0,2
313,27,6000.0,peripher,3.0,0.0,0.0,0.0,5771.907,5771.907,-48.0,3
314,23,3000.0,peripher,1.0,0.0,0.0,0.0,1296.405,1296.405,-1.0,3
315,39,3200.0,zentral,1.0,0.0,0.0,107.8,3581.82,3689.62,23.0,1
316,25,7000.0,sehr zentral,1.0,0.0,1330.0,107.8,0.0,1437.8,19.0,1
317,40,3000.0,sehr zentral,0.0,0.0,0.0,107.8,0.0,107.8,19.0,2
318,29,1400.0,zentral,0.0,0.0,5020.0,107.8,0.0,5127.8,-13.0,2
319,34,2000.0,sehr zentral,0.0,0.0,0.0,107.8,0.0,107.8,-2.0,2
320,24,1200.0,sehr zentral,0.0,9485.0,28674.2,0.0,0.0,38159.2,-81.0,0
321,60,6000.0,sehr zentral,1.0,0.0,0.0,107.8,2686.365,2794.165,-5.0,1
322,33,1200.0,zentral,0.0,0.0,1330.0,107.8,0.0,1437.8,-12.0,2
323,23,6000.0,zentral,4.0,271.0,798.0,0.0,4656.366,5725.366,6.0,0
324,26,1500.0,sehr zentral,0.0,98915.0,5990.0,107.8,0.0,105012.8,-65.0,0
325,21,0.0,sehr zentral,0.0,0.0,0.0,107.8,0.0,107.8,14.0,2
326,22,6000.0,sehr zentral,1.0,0.0,0.0,107.8,2686.365,2794.165,9.0,1
327,25,1500.0,sehr zentral,0.0,0.0,0.0,107.8,0.0,107.8,-7.0,2
328,30,4100.0,peripher,2.0,0.0,997.5,0.0,2328.183,3325.683,15.0,3
329,44,6500.0,sehr zentral,1.0,0.0,0.0,0.0,4081.022,4081.022,-41.0,3
330,59,3500.0,sehr zentral,1.0,0.0,23780.4,107.8,3710.02,27598.22,-11.0,1
331,22,1200.0,sehr zentral,0.0,16260.0,1330.0,107.8,0.0,17697.8,-76.0,0
332,26,800.0,zentral,1.0,0.0,532.0,107.8,716.364,1356.164,7.0,2
333,28,4000.0,sehr zentral,5.0,0.0,798.0,107.8,3703.61,4609.41,12.0,1
334,24,2000.0,sehr zentral,0.0,0.0,3394.0,107.8,0.0,3501.8,-37.0,2
335,24,2300.0,sehr zentral,0.0,0.0,3738.0,107.8,0.0,3845.8,-16.0,2
336,50,920.0,sehr zentral,0.0,0.0,0.0,107.8,0.0,107.8,7.0,2
337,34,3500.0,zentral,1.0,0.0,0.0,107.8,259.281,367.081,-4.0,2
338,25,2500.0,sehr zentral,1.0,0.0,665.0,107.8,2686.365,3459.165,-17.0,1
339,35,3000.0,sehr zentral,0.0,0.0,7820.0,107.8,0.0,7927.8,-61.0,2
340,46,6000.0,sehr zentral,2.0,0.0,0.0,107.8,1790.91,1898.71,4.0,1
341,29,2500.0,sehr zentral,1.0,0.0,532.0,107.8,2782.515,3422.315,-1.0,1
342,26,1500.0,zentral,0.0,0.0,0.0,107.8,0.0,107.8,-2.0,2
343,38,2200.0,peripher,2.0,0.0,3440.0,107.8,1110.3642,4658.1642,-54.0,1
344,24,800.0,sehr zentral,0.0,0.0,0.0,107.8,0.0,107.8,12.0,2
345,25,3700.0,zentral,1.0,0.0,1596.0,107.8,2149.092,3852.892,-35.0,1
346,22,800.0,sehr zentral,0.0,0.0,6650.0,107.8,0.0,6757.8,-58.0,2
347,28,4000.0,sehr zentral,1.0,0.0,532.0,0.0,8954.55,9486.55,-59.0,3
348,30,2200.0,zentral,0.0,0.0,0.0,107.8,0.0,107.8,-2.0,2
349,32,900.0,sehr zentral,0.0,0.0,665.0,107.8,0.0,772.8,-15.0,2
350,20,5000.0,zentral,1.0,0.0,0.0,107.8,22138.48,22246.28,-83.0,1
351,20,2000.0,sehr zentral,1.0,0.0,0.0,107.8,1074.546,1182.346,0.0,1
352,33,1858.0,zentral,0.0,0.0,0.0,107.8,0.0,107.8,6.0,2
353,20,4500.0,peripher,4.0,0.0,0.0,107.8,1685.43705,1793.23705,-14.0,1
354,38,3100.0,sehr zentral,1.0,0.0,598.5,107.8,1790.91,2497.21,-5.0,1
355,66,560.0,sehr zentral,0.0,0.0,0.0,107.8,0.0,107.8,18.0,2
356,35,5000.0,zentral,1.0,0.0,0.0,107.8,895.455,1003.255,-1.0,1
357,19,900.0,sehr zentral,1.0,0.0,266.0,107.8,5534.62,5908.42,-6.0,1
358,30,90.0,sehr zentral,1.0,0.0,4770.0,107.8,4.150965,4881.950965,4.0,2
359,26,2000.0,sehr zentral,0.0,0.0,4724.0,107.8,0.0,4831.8,15.0,2
360,26,6000.0,zentral,0.0,0.0,0.0,107.8,0.0,107.8,14.0,2
361,21,1200.0,sehr zentral,0.0,2710.0,2660.0,107.8,0.0,5477.8,-7.0,0
362,38,200.0,zentral,0.0,0.0,0.0,0.0,0.0,0.0,4.0,2
363,26,3500.0,peripher,1.0,0.0,2041.0,0.0,3581.82,5622.82,-43.0,3
364,24,1600.0,sehr zentral,0.0,0.0,4832.0,107.8,0.0,4939.8,-30.0,2
365,40,2500.0,sehr zentral,1.0,0.0,0.0,107.8,268.6365,376.4365,64.0,2
366,32,2300.0,sehr zentral,0.0,0.0,3816.0,107.8,0.0,3923.8,-13.0,2
367,34,2600.0,sehr zentral,1.0,0.0,0.0,0.0,3889.215,3889.215,5.0,3
368,21,3000.0,sehr zentral,1.0,0.0,532.0,107.8,0.0,639.8,16.0,2
369,22,3000.0,sehr zentral,2.0,0.0,532.0,107.8,2597.014,3236.814,-29.0,1
370,34,9000.0,sehr zentral,0.0,0.0,3433.0,107.8,0.0,3540.8,10.0,2
371,32,6000.0,sehr zentral,1.0,0.0,1995.0,107.8,1113.006,3215.806,-38.0,1
372,32,1200.0,sehr zentral,0.0,0.0,0.0,107.8,0.0,107.8,5.0,2
373,25,0.0,zentral,0.0,0.0,532.0,107.8,0.0,639.8,3.0,2
374,38,4000.0,sehr zentral,2.0,0.0,2660.0,107.8,31487.94,34255.74,-68.0,1
375,36,2900.0,sehr zentral,1.0,0.0,266.0,107.8,1074.546,1448.346,-10.0,1
376,31,2500.0,sehr zentral,1.0,0.0,0.0,107.8,1790.91,1898.71,-29.0,1
377,26,3000.0,sehr zentral,0.0,0.0,8788.0,107.8,0.0,8895.8,-69.0,2
378,18,520.0,sehr zentral,0.0,0.0,3417.0,107.8,0.0,3524.8,-6.0,2
379,22,3800.0,sehr zentral,0.0,0.0,0.0,107.8,0.0,107.8,61.0,2
380,21,0.0,zentral,2.0,0.0,266.0,107.8,1790.91,2164.71,-8.0,1
381,28,2240.0,sehr zentral,0.0,0.0,3972.0,107.8,0.0,4079.8,-29.0,2
382,67,1000.0,sehr zentral,1.0,0.0,0.0,0.0,895.455,895.455,24.0,3
383,56,3800.0,sehr zentral,0.0,0.0,931.0,107.8,0.0,1038.8,-8.0,2
384,33,2500.0,sehr zentral,0.0,0.0,2784.0,107.8,0.0,2891.8,-22.0,2
385,38,3300.0,sehr zentral,0.0,0.0,0.0,107.8,0.0,107.8,-3.0,2
386,29,4000.0,peripher,1.0,0.0,2660.0,0.0,777.843,3437.843,-22.0,3
387,19,4000.0,sehr zentral,2.0,0.0,1642.0,107.8,8317.135,10066.935,-31.0,1
388,41,3000.0,zentral,2.0,0.0,0.0,0.0,4477.275,4477.275,-24.0,3
389,45,3000.0,sehr zentral,0.0,0.0,0.0,107.8,0.0,107.8,18.0,2
390,34,3500.0,sehr zentral,1.0,0.0,0.0,0.0,2592.81,2592.81,-21.0,3
391,56,3000.0,sehr zentral,2.0,0.0,0.0,107.8,2.59281,110.39281,-5.0,1
392,26,2400.0,peripher,1.0,0.0,798.0,107.8,0.537273,906.337273,40.0,2
393,46,8000.0,sehr zentral,1.0,0.0,0.0,0.0,2074.248,2074.248,0.0,3
394,30,3500.0,zentral,0.0,0.0,798.0,107.8,0.0,905.8,-8.0,2
395,30,7000.0,sehr zentral,1.0,0.0,266.0,107.8,1611.819,1985.619,-5.0,1
396,51,3000.0,sehr zentral,1.0,0.0,1064.0,0.0,895.455,1959.455,-12.0,3
397,24,3500.0,sehr zentral,1.0,0.0,0.0,107.8,1074.546,1182.346,-11.0,1
398,23,1200.0,zentral,0.0,0.0,532.0,107.8,0.0,639.8,7.0,2
399,25,570.0,zentral,0.0,0.0,11260.0,107.8,0.0,11367.8,-14.0,2
400,23,840.0,zentral,0.0,0.0,2660.0,107.8,0.0,2767.8,-12.0,2
401,33,3100.0,sehr zentral,0.0,0.0,0.0,107.8,0.0,107.8,28.0,2
402,38,2100.0,sehr zentral,0.0,0.0,0.0,107.8,0.0,107.8,8.0,2
403,25,2400.0,sehr zentral,0.0,0.0,3990.0,107.8,0.0,4097.8,-2.0,2
404,35,903.0,sehr zentral,0.0,0.0,0.0,107.8,0.0,107.8,-2.0,2
405,33,5300.0,sehr zentral,0.0,0.0,0.0,107.8,0.0,107.8,-2.0,2
406,25,900.0,sehr zentral,0.0,0.0,266.0,107.8,0.0,373.8,7.0,2
407,24,1600.0,zentral,0.0,0.0,1032.0,107.8,0.0,1139.8,9.0,2
408,61,1500.0,sehr zentral,1.0,0.0,0.0,107.8,179.091,286.891,33.0,2
409,29,5000.0,zentral,1.0,0.0,3839.0,107.8,1855.01,5801.81,-13.0,1
410,36,4000.0,sehr zentral,1.0,0.0,5192.0,107.8,2411.513,7711.313,-63.0,1
411,25,650.0,zentral,0.0,0.0,1204.0,107.8,0.0,1311.8,15.0,2
412,24,3000.0,sehr zentral,0.0,0.0,1596.0,107.8,0.0,1703.8,-16.0,2
413,21,2500.0,peripher,1.0,0.0,0.0,0.0,1855.01,1855.01,18.0,3
414,19,8000.0,zentral,1.0,0.0,1126.0,107.8,1855.01,3088.81,27.0,1
415,31,5000.0,zentral,1.0,67750.0,4770.0,107.8,35.8182,72663.6182,-98.0,0
416,64,2200.0,sehr zentral,0.0,0.0,0.0,107.8,0.0,107.8,38.0,2
417,40,8000.0,sehr zentral,1.0,0.0,76739.0,107.8,3111.372,79958.172,-39.0,1
418,23,530.0,sehr zentral,0.0,0.0,1995.0,107.8,0.0,2102.8,-22.0,2
419,22,2500.0,sehr zentral,1.0,0.0,1995.0,107.8,2686.365,4789.165,-45.0,1
420,38,3500.0,zentral,1.0,0.0,0.0,0.0,2328.183,2328.183,35.0,3
421,34,7300.0,sehr zentral,1.0,0.0,8476.0,107.8,1343.1825,9926.9825,-66.0,1
422,57,4500.0,peripher,1.0,0.0,3050.0,107.8,968.5585,4126.3585,5.0,1
423,25,2500.0,sehr zentral,1.0,0.0,2064.0,107.8,27.0321,2198.8321,0.0,2
424,41,3000.0,zentral,2.0,0.0,2064.0,107.8,1673.298,3845.098,-27.0,1
425,22,5600.0,peripher,2.0,0.0,1064.0,0.0,4656.366,5720.366,13.0,3
426,20,2500.0,sehr zentral,0.0,0.0,0.0,107.8,0.0,107.8,-2.0,2
427,24,2700.0,sehr zentral,1.0,0.0,665.0,107.8,895.455,1668.255,12.0,1
428,27,4500.0,zentral,2.0,0.0,6756.0,0.0,4477.275,11233.275,-16.0,3
429,34,5500.0,sehr zentral,2.0,0.0,665.0,0.0,2852.091,3517.091,-33.0,3
430,39,900.0,zentral,0.0,0.0,0.0,107.8,0.0,107.8,-3.0,2
431,40,2900.0,sehr zentral,1.0,0.0,2801.8,0.0,3710.02,6511.82,-17.0,3
432,25,2500.0,zentral,1.0,0.0,0.0,107.8,895.455,1003.255,0.0,1
433,26,6000.0,sehr zentral,1.0,0.0,3325.0,107.8,1970.001,5402.801,-11.0,1
434,59,2500.0,zentral,1.0,0.0,798.0,107.8,358.182,1263.982,-7.0,2
435,19,2500.0,peripher,1.0,0.0,997.5,107.8,6268.185,7373.485,-61.0,1
436,27,3800.0,sehr zentral,0.0,0.0,266.0,107.8,0.0,373.8,-9.0,2
437,31,2300.0,sehr zentral,0.0,0.0,11448.0,107.8,0.0,11555.8,-41.0,2
438,36,5500.0,sehr zentral,1.0,1084.0,665.0,107.8,1391.2575,3248.0575,-12.0,0
439,31,3000.0,sehr zentral,1.0,0.0,798.0,107.8,358.182,1263.982,-4.0,1
440,61,600.0,zentral,1.0,0.0,0.0,0.0,411.9093,411.9093,-14.0,3
441,34,1600.0,sehr zentral,1.0,0.0,399.0,107.8,1611.819,2118.619,-2.0,1
442,31,5000.0,sehr zentral,1.0,0.0,1720.0,107.8,53.7273,1881.5273,38.0,2
443,27,3100.0,sehr zentral,1.0,0.0,0.0,107.8,3581.82,3689.62,1.0,1
444,30,6000.0,sehr zentral,0.0,0.0,2862.0,107.8,0.0,2969.8,-27.0,2
445,32,6300.0,sehr zentral,0.0,0.0,16952.0,107.8,0.0,17059.8,-22.0,2
446,27,9000.0,sehr zentral,1.0,0.0,9992.4,107.8,143.2728,10243.4728,-33.0,1
447,100,6000.0,sehr zentral,1.0,54200.0,6031.0,107.8,5565.03,65903.83,-30.0,0
448,32,3200.0,sehr zentral,0.0,0.0,1564.0,107.8,0.0,1671.8,-12.0,2
449,23,1500.0,sehr zentral,0.0,0.0,399.0,107.8,0.0,506.8,-7.0,2
450,21,3000.0,sehr zentral,0.0,0.0,1330.0,107.8,0.0,1437.8,-22.0,2
451,42,6000.0,sehr zentral,0.0,0.0,19205.2,107.8,0.0,19313.0,-6.0,2
452,33,6000.0,peripher,2.0,0.0,0.0,0.0,3940.002,3940.002,-33.0,3
453,31,1100.0,sehr zentral,1.0,0.0,0.0,107.8,895.455,1003.255,37.0,2
454,64,4300.0,zentral,1.0,0.0,0.0,0.0,4150.965,4150.965,-5.0,3
455,33,2200.0,zentral,1.0,0.0,0.0,0.0,1611.819,1611.819,7.0,3
456,34,4000.0,sehr zentral,0.0,0.0,399.0,107.8,0.0,506.8,-6.0,2
457,23,1100.0,zentral,0.0,0.0,399.0,107.8,0.0,506.8,-2.0,2
458,45,3100.0,sehr zentral,1.0,0.0,1463.0,107.8,1855.01,3425.81,-29.0,1
459,29,6000.0,sehr zentral,0.0,0.0,2660.0,107.8,0.0,2767.8,-9.0,2
460,18,6500.0,peripher,3.0,0.0,3657.5,0.0,1803.73,5461.23,12.0,3
461,30,1750.0,zentral,1.0,0.0,1330.0,107.8,2274.4557,3712.2557,7.0,1
462,27,3400.0,peripher,0.0,0.0,5256.0,107.8,0.0,5363.8,-30.0,2
463,22,5000.0,zentral,2.0,0.0,798.0,107.8,9275.05,10180.85,-23.0,1
464,21,3000.0,sehr zentral,0.0,0.0,1596.0,107.8,0.0,1703.8,-21.0,2
465,27,1000.0,sehr zentral,0.0,0.0,0.0,0.0,0.0,0.0,0.0,2
466,20,4000.0,sehr zentral,1.0,0.0,0.0,107.8,927.505,1035.305,14.0,1
467,33,6000.0,peripher,1.0,0.0,0.0,0.0,5372.73,5372.73,-10.0,3
468,26,2000.0,sehr zentral,1.0,0.0,0.0,107.8,518.562,626.362,-3.0,2
469,37,3800.0,zentral,2.0,0.0,1596.0,0.0,3940.002,5536.002,11.0,3
470,36,1200.0,sehr zentral,0.0,0.0,266.0,107.8,0.0,373.8,-1.0,2
471,23,7000.0,sehr zentral,1.0,0.0,30605.96,0.0,2405.7,33011.66,-5.0,3
472,19,2000.0,sehr zentral,1.0,0.0,0.0,0.0,1790.91,1790.91,6.0,3
473,19,8000.0,sehr zentral,2.0,5420.0,2878.0,107.8,89545.5,97951.3,-42.0,0
474,22,1000.0,sehr zentral,0.0,0.0,3456.0,107.8,0.0,3563.8,-12.0,2
475,19,5000.0,zentral,3.0,0.0,0.0,107.8,5963.463,6071.263,11.0,1
476,19,2500.0,sehr zentral,0.0,5420.0,4655.0,107.8,0.0,10182.8,-57.0,0
477,34,2600.0,zentral,0.0,0.0,0.0,107.8,0.0,107.8,-12.0,2
478,20,3500.0,sehr zentral,2.0,0.0,4527.0,107.8,716.364,5351.164,-28.0,1
479,28,5000.0,sehr zentral,1.0,0.0,0.0,107.8,777.843,885.643,-15.0,1
480,57,3200.0,zentral,2.0,0.0,1330.0,0.0,5014.548,6344.548,4.0,3
481,40,1500.0,sehr zentral,0.0,0.0,0.0,107.8,0.0,107.8,-2.0,2
482,18,6000.0,sehr zentral,0.0,0.0,0.0,107.8,0.0,107.8,7.0,2
483,33,8000.0,sehr zentral,1.0,0.0,5435.0,107.8,259.281,5802.081,-39.0,1
484,20,2100.0,sehr zentral,0.0,0.0,0.0,107.8,0.0,107.8,6.0,2
485,20,2200.0,peripher,1.0,0.0,0.0,0.0,1253.637,1253.637,21.0,3
486,24,3100.0,sehr zentral,1.0,0.0,798.0,107.8,2490.579,3396.379,23.0,1
487,35,4500.0,sehr zentral,1.0,0.0,0.0,0.0,1790.91,1790.91,20.0,3
488,23,4500.0,sehr zentral,1.0,0.0,1720.0,107.8,2865.456,4693.256,-44.0,1
489,34,7000.0,sehr zentral,1.0,67750.0,16740.0,107.8,5185.62,89783.42,-42.0,0
490,28,2336.0,sehr zentral,0.0,0.0,5985.0,107.8,0.0,6092.8,-5.0,2
491,40,3400.0,sehr zentral,0.0,0.0,1330.0,107.8,0.0,1437.8,-10.0,2
492,23,900.0,zentral,0.0,0.0,0.0,107.8,0.0,107.8,-2.0,2
493,33,2800.0,sehr zentral,0.0,0.0,0.0,107.8,0.0,107.8,4.0,2
494,35,100.0,peripher,0.0,0.0,0.0,107.8,0.0,107.8,-7.0,2
495,23,2000.0,sehr zentral,1.0,0.0,1032.0,107.8,3581.82,4721.62,-35.0,1
496,37,4380.0,zentral,2.0,0.0,5453.0,0.0,7860.618,13313.618,-22.0,3
497,34,4200.0,sehr zentral,1.0,0.0,7980.0,107.8,195.0,8282.8,-17.0,1
498,35,6000.0,peripher,2.0,0.0,0.0,0.0,7000.587,7000.587,-51.0,3
499,34,800.0,zentral,2.0,0.0,0.0,0.0,1988.2325,1988.2325,-8.0,3
500,30,1800.0,zentral,0.0,0.0,0.0,107.8,0.0,107.8,-12.0,2
501,26,2500.0,sehr zentral,0.0,0.0,16030.0,107.8,0.0,16137.8,-10.0,2
502,37,1500.0,zentral,0.0,0.0,133.0,0.0,0.0,133.0,-12.0,2
503,34,2800.0,zentral,1.0,0.0,954.0,0.0,2226.012,3180.012,-18.0,3
504,21,3000.0,peripher,1.0,0.0,0.0,0.0,1790.91,1790.91,-14.0,3
505,37,6000.0,zentral,1.0,0.0,0.0,0.0,5313.82,5313.82,-5.0,3
506,24,1500.0,sehr zentral,2.0,0.0,2973.88,107.8,2.686365,3084.366365,-38.0,1
507,31,7500.0,zentral,2.0,0.0,24738.0,0.0,4215.243,28953.243,-27.0,3
508,30,7500.0,sehr zentral,2.0,0.0,798.0,0.0,4975.54,5773.54,-12.0,3
509,22,400.0,sehr zentral,0.0,1355.0,4575.0,107.8,0.0,6037.8,-24.0,0
510,47,2509.0,sehr zentral,1.0,0.0,0.0,107.8,2333.529,2441.329,29.0,1
511,29,4500.0,sehr zentral,1.0,0.0,6100.0,107.8,8301.93,14509.73,-67.0,1
512,46,8000.0,sehr zentral,1.0,0.0,0.0,0.0,1432.728,1432.728,12.0,3
513,36,4000.0,sehr zentral,2.0,542.0,6696.0,107.8,2767.31,10113.11,-75.0,0
514,29,4500.0,zentral,2.0,0.0,0.0,0.0,2238.6375,2238.6375,21.0,3
515,20,4500.0,zentral,1.0,0.0,2408.0,0.0,2226.012,4634.012,-28.0,3
516,33,3400.0,peripher,1.0,0.0,0.0,0.0,895.455,895.455,-9.0,3
517,38,950.0,zentral,0.0,0.0,0.0,107.8,0.0,107.8,4.0,2
518,27,2000.0,sehr zentral,0.0,0.0,266.0,107.8,0.0,373.8,4.0,2
519,20,2200.0,zentral,2.0,0.0,931.0,107.8,2328.183,3366.983,11.0,1
520,32,4000.0,sehr zentral,1.0,3794.0,5945.1,107.8,3243.852,13090.752,-21.0,0
521,39,4000.0,sehr zentral,1.0,0.0,1330.0,107.8,2686.365,4124.165,0.0,1
522,29,1500.0,sehr zentral,0.0,0.0,0.0,107.8,0.0,107.8,22.0,2
523,19,2500.0,sehr zentral,0.0,6775.0,4655.0,107.8,0.0,11537.8,-24.0,0
524,26,2000.0,zentral,1.0,0.0,4472.0,107.8,358.182,4937.982,-51.0,1
525,30,3400.0,sehr zentral,0.0,0.0,2660.0,107.8,0.0,2767.8,-12.0,2
526,37,3700.0,sehr zentral,1.0,0.0,0.0,0.0,2782.515,2782.515,35.0,3
527,30,4200.0,sehr zentral,1.0,0.0,1330.0,107.8,3581.82,5019.62,-7.0,1
528,36,5000.0,zentral,1.0,0.0,2660.0,0.0,1113.006,3773.006,4.0,3
529,60,1200.0,sehr zentral,0.0,0.0,665.0,107.8,0.0,772.8,46.0,2
530,26,5000.0,zentral,0.0,0.0,9930.0,107.8,0.0,10037.8,-79.0,2
531,25,4500.0,sehr zentral,0.0,0.0,1330.0,107.8,0.0,1437.8,-10.0,2
532,28,787.0,sehr zentral,0.0,0.0,4692.0,107.8,0.0,4799.8,-45.0,2
533,19,5000.0,zentral,2.0,0.0,665.0,107.8,3895.521,4668.321,12.0,1
534,23,1500.0,sehr zentral,0.0,0.0,1064.0,107.8,0.0,1171.8,9.0,2
535,20,400.0,zentral,0.0,0.0,0.0,107.8,0.0,107.8,8.0,2
536,25,3000.0,sehr zentral,0.0,8130.0,5320.0,107.8,0.0,13557.8,-57.0,0
537,22,3000.0,zentral,1.0,1897.0,1720.0,107.8,912.3,4637.1,-21.0,0
538,25,2500.0,zentral,0.0,0.0,0.0,107.8,0.0,107.8,7.0,2
539,22,650.0,sehr zentral,1.0,0.0,5458.0,107.8,1335.6072,6901.4072,-3.0,1
540,25,4500.0,sehr zentral,1.0,0.0,3910.0,107.8,1790.91,5808.71,-39.0,1
541,28,2220.0,sehr zentral,0.0,0.0,1064.0,107.8,0.0,1171.8,1.0,2
542,20,3500.0,sehr zentral,0.0,0.0,0.0,107.8,0.0,107.8,1.0,2
543,55,4000.0,sehr zentral,1.0,1355.0,2628.08,107.8,3243.852,7334.732,-24.0,0
544,25,6000.0,zentral,1.0,0.0,1596.0,107.8,556.503,2260.303,-8.0,1
545,26,4000.0,sehr zentral,1.0,0.0,821.0,107.8,3339.018,4267.818,7.0,1
546,46,2000.0,sehr zentral,1.0,0.0,3848.0,0.0,0.0,3848.0,-26.0,3
547,31,3500.0,sehr zentral,0.0,0.0,266.0,107.8,0.0,373.8,-6.0,2
548,56,2800.0,sehr zentral,0.0,0.0,1908.0,107.8,0.0,2015.8,-37.0,2
549,23,7000.0,zentral,0.0,0.0,2128.0,107.8,0.0,2235.8,-19.0,2
550,36,6000.0,sehr zentral,0.0,0.0,6548.92,107.8,0.0,6656.72,6.0,2
551,18,3000.0,peripher,0.0,0.0,0.0,107.8,0.0,107.8,-2.0,2
552,26,1200.0,sehr zentral,0.0,0.0,798.0,107.8,0.0,905.8,3.0,2
553,39,7500.0,peripher,2.0,0.0,3990.0,0.0,2686.365,6676.365,-58.0,3
554,21,500.0,sehr zentral,0.0,0.0,0.0,107.8,0.0,107.8,-5.0,2
555,30,4600.0,sehr zentral,1.0,0.0,0.0,107.8,1164.0915,1271.8915,35.0,1
556,23,1200.0,zentral,0.0,0.0,4770.0,107.8,0.0,4877.8,-56.0,2
557,23,6000.0,sehr zentral,1.0,0.0,266.0,107.8,716.364,1090.164,20.0,1
558,28,1100.0,sehr zentral,0.0,0.0,5412.0,107.8,0.0,5519.8,-35.0,2
559,22,5000.0,sehr zentral,2.0,0.0,4105.0,107.8,6.72,4219.52,-33.0,1
560,36,2200.0,zentral,1.0,0.0,2330.0,107.8,1074.546,3512.346,24.0,1
561,33,3300.0,sehr zentral,1.0,0.0,266.0,107.8,5372.73,5746.53,-49.0,1
562,41,2500.0,sehr zentral,0.0,0.0,3440.0,107.8,0.0,3547.8,-38.0,2
563,26,4000.0,sehr zentral,0.0,0.0,5320.0,107.8,0.0,5427.8,-40.0,2
564,26,2500.0,sehr zentral,1.0,0.0,4692.0,107.8,21490.92,26290.72,-24.0,1
565,24,400.0,zentral,0.0,0.0,0.0,107.8,0.0,107.8,-3.0,2
566,25,1500.0,sehr zentral,0.0,0.0,0.0,107.8,0.0,107.8,54.0,2
567,27,538.0,sehr zentral,0.0,0.0,798.0,107.8,0.0,905.8,3.0,2
568,31,7200.0,sehr zentral,1.0,0.0,1775.0,107.8,1790.91,3673.71,-12.0,1
569,25,8000.0,sehr zentral,0.0,0.0,532.0,107.8,0.0,639.8,34.0,2
570,32,8000.0,sehr zentral,0.0,0.0,1330.0,107.8,0.0,1437.8,45.0,2
571,22,600.0,peripher,1.0,0.0,665.0,107.8,2686.365,3459.165,33.0,1
572,24,1000.0,sehr zentral,1.0,0.0,0.0,107.8,927.505,1035.305,6.0,2
573,19,700.0,sehr zentral,1.0,0.0,1197.0,107.8,5372.73,6677.53,8.0,1
574,29,3000.0,sehr zentral,1.0,0.0,1995.0,107.8,1253.637,3356.437,-37.0,1
575,30,1100.0,zentral,1.0,0.0,0.0,0.0,648.2025,648.2025,-12.0,3
576,23,850.0,sehr zentral,0.0,0.0,798.0,107.8,0.0,905.8,-15.0,2
577,30,5000.0,sehr zentral,1.0,0.0,0.0,107.8,927.505,1035.305,12.0,1
578,38,2500.0,sehr zentral,0.0,0.0,2628.0,107.8,0.0,2735.8,-4.0,2
579,21,1200.0,sehr zentral,0.0,0.0,0.0,107.8,0.0,107.8,37.0,2
580,19,8000.0,sehr zentral,2.0,0.0,4105.0,107.8,707.0085,4919.8085,-32.0,1
581,37,4400.0,sehr zentral,1.0,0.0,8210.0,107.8,537.273,8855.073,-6.0,1
582,26,5000.0,sehr zentral,0.0,0.0,1064.0,107.8,0.0,1171.8,-5.0,2
583,22,5000.0,zentral,1.0,0.0,4238.0,107.8,74.2004,4420.0004,-38.0,1
584,26,7000.0,sehr zentral,1.0,1897.0,1197.0,107.8,537.273,3739.073,-45.0,0
585,30,1500.0,sehr zentral,0.0,0.0,0.0,107.8,0.0,107.8,-9.0,2
586,20,6000.0,zentral,3.0,0.0,798.0,107.8,7505.68,8411.48,-22.0,1
587,29,6000.0,sehr zentral,1.0,0.0,7235.2,107.8,89.5455,7432.5455,-34.0,1
